<favourites>
	<favourite name="Icefilms" thumb="special://home\addons\plugin.video.icefilms\resources\art\search.png">ActivateWindow(10025,&quot;plugin://plugin.video.icefilms/?mode=555&amp;name=Search&amp;url=http%3a%2f%2fwww.icefilms.info%2f&amp;nextPage=0&amp;search=[%SF%]&quot;)</favourite>
	<favourite name="YouTube" thumb="special://home\addons\plugin.video.youtube\icon.png">ActivateWindow(10025,&quot;plugin://plugin.video.youtube/?feed=search&amp;path=%2froot%2fsearch&amp;search=[%SF%]&quot;)</favourite>
	<favourite name="iPlayer" thumb="special://home\addons\plugin.video.iplayer\resources\media\search.png">ActivateWindow(10025,&quot;plugin://plugin.video.iplayer/?label=[%SF%]&amp;listing=search&amp;tvradio=tv&quot;)</favourite>
	<favourite name="1Channel Movies" thumb="special://home\addons\plugin.video.1channel\art\themes\Glossy_Black\search.png">ActivateWindow(10025,&quot;plugin://plugin.video.1channel/?mode=7000&amp;section=movies&amp;query=[%SF%]&quot;)</favourite>
	<favourite name="1Channel TV" thumb="special://home\addons\plugin.video.1channel\art\themes\Glossy_Black\search.png">ActivateWindow(10025,&quot;plugin://plugin.video.1channel/?mode=7000&amp;section=tv&amp;query=[%SF%]&quot;)</favourite>
	<favourite name="GoMovies" thumb="special://home\addons\plugin.video.GOmovies\resources/art/Movies.png">ActivateWindow(10025,&quot;plugin://plugin.video.GOmovies/?action=movies_search&amp;query=[%SF%]&quot;)</favourite>
	<favourite name="GoMovies Actors" thumb="special://home\addons\plugin.video.GOmovies\resources/art/Movies.png">ActivateWindow(10025,&quot;plugin://plugin.video.GOmovies/?action=actors_search&amp;query=[%SF%]&quot;)</favourite>
	<favourite name="GoTV" thumb="special://home\addons\plugin.video.GOtv\resources/art/TVShows.png">ActivateWindow(10025,&quot;plugin://plugin.video.GOtv/?action=shows_search&amp;query=[%SF%]&quot;)</favourite>
	<favourite name="GoTV Actors" thumb="special://home\addons\plugin.video.GOtv\resources/art/TVShows.png">ActivateWindow(10025,&quot;plugin://plugin.video.GOtv/?action=actors_search&amp;query=[%SF%]&quot;)</favourite>
	<favourite name="Mashup Movies" thumb="https://raw.github.com/mash2k3/MashupArtwork/master/skins/vector/link.png">ActivateWindow(10025,&quot;plugin://plugin.video.movie25/?fanart&amp;genre&amp;iconimage=https%3a%2f%2fraw.github.com%2fmash2k3%2fMashupArtwork%2fmaster%2fskins%2fvector%2flink.png&amp;mode=20&amp;name=[%SF%]&amp;plot&amp;url=Movies&quot;)</favourite>
	<favourite name="Mashup TV" thumb="https://raw.github.com/mash2k3/MashupArtwork/master/skins/vector/link.png">ActivateWindow(10025,&quot;plugin://plugin.video.movie25/?fanart&amp;genre&amp;iconimage=https%3a%2f%2fraw.github.com%2fmash2k3%2fMashupArtwork%2fmaster%2fskins%2fvector%2flink.png&amp;mode=20&amp;name=[%SF%]&amp;plot&amp;url=TV&quot;)</favourite>
	<favourite name="XBMCtorrent" thumb="special://home\addons\plugin.video.xbmctorrent\icon.png">ActivateWindow(10025,&quot;plugin://plugin.video.xbmctorrent/tpb/search?query=[%SF%]&quot;)</favourite>
</favourites>