<?xml version="1.0" encoding="UTF-8" standalone="yes"?>
<addon id="plugin.audio.ramfm" name="RAM FM Eighties Hit Radio" version="2.0.2" provider-name="spoyser">
  <requires>
    <import addon="xbmc.python" version="2.1.0"/>
  </requires>
  <extension point="xbmc.python.pluginsource" library="default.py">
        <provides>audio</provides>
  </extension>
  <extension point="xbmc.addon.metadata">
    <summary lang="en">RAM FM Eighties Hits</summary>
    <description lang="en">RAM FM broadcast music within a wide perspective from the years between and around 1975-1995 and some of today's music that would have fit in just fine at the time. RAM FM play all genres of eighties music, from punk to disco, from synth-pop to folk, from rock to easy listening and from new wave to dance. RAM FM play these different genres of eighties music in no special order and without any priority or personal musical preferences involved whatsoever. RAM FM aim to create a realistic musical time image of the eighties. RAM FM never play the same song within 36 hours and never the same artist within 4 hours. Listeners online can request 3 tracks every 30 minutes complying with these musical format and playlist rotation rules.</description>
    <platform>all</platform>
    <language>en</language>
    <license>GNU GENERAL PUBLIC LICENSE. Version 2, June 1991</license>
    <forum>http://forum.kodi.tv/showthread.php?tid=181672</forum>
    <website>http://www.ramfm.org</website>
    <source>https://github.com/spoyser/spoyser-repo/tree/master/plugin.audio.ramfm</source>
    <email>seanpoyser at gmail dot com</email>
  </extension>
</addon>
