<?xml version="1.0" encoding="UTF-8" standalone="yes"?>
<addon id="plugin.video.supercartoons" name="Super Cartoons" version="1.0.12" provider-name="spoyser">
  <requires>
    <import addon="xbmc.python" version="2.1.0"/>
  </requires>
  <extension point="xbmc.python.pluginsource" library="default.py">
        <provides>video</provides>
  </extension>
  <extension point="xbmc.addon.metadata">
    <summary>Watch cartoons online</summary>
    <description lang="en">Watch cartoons online, search by most popular, characters and studio</description>
     <platform>all</platform>
  </extension>
</addon>
