<favourites>

<favourite name="iPlayer" thumb="special://home\addons\plugin.video.bbciplayer\icon.png">ActivateWindow(10025,&quot;plugin://plugin.video.bbciplayer/?IPID&amp;description&amp;iconimage&amp;mode=9&amp;name=Search&amp;url=[%SF%]&amp;sf_options=fanart%3Dhttp%3A%2F%2Fultimategamingparadise.com%2Fwp-content%2Fuploads%2F2014%2F01%2Fbbc_iplayer.jpg%26desc%3DBBC+iPlayer+tv+and+live+tv%26_options_sf&quot;)</favourite>

<favourite name="iPlayer WWW" thumb="special://home/addons\plugin.video.iplayerwww\icon.png">ActivateWindow(10025,&quot;plugin://plugin.video.iplayerwww/?mode=104&amp;url=url&amp;keyword=[%SF%]&amp;sf_options=fanart%3Dspecial%3A%2F%2Fhome%2Faddons%5Cplugin.video.iplayerwww%5Cfanart.jpg%26_options_sf&quot;,return)</favourite>

<favourite name="Global Search" thumb="special://home\addons\script.globalsearch\icon.png">RunScript(&quot;script.globalsearch&quot;,searchstring:[%SF%])?sf_options=fanart%3Dspecial%3A%2F%2Fhome%2Faddons%5Cscript.globalsearch%5Cfanart.jpg%26_options_sf&quot;)</favourite>

<favourite name="YouTube 5.x.x" thumb="special://home\addons\plugin.video.youtube\icon.png">ActivateWindow(10025,&quot;plugin://plugin.video.youtube/kodion/search/query/?q=[%SF%]&amp;sf_options=fanart%3Dspecial%3A%2F%2Fhome%2Faddons%5Cplugin.video.youtube%5Cfanart.jpg%26_options_sf&quot;)</favourite>
		
<favourite name="XBMCtorrent" thumb="special://home\addons\plugin.video.xbmctorrent\icon.png">ActivateWindow(10025,&quot;plugin://plugin.video.xbmctorrent/tpb/search?query=[%SF%]&amp;sf_options=fanart%3Dspecial%3A%2F%2Fhome%2Faddons%5Cplugin.video.xbmctorrent%5Cfanart.jpg%26_options_sf&quot;)</favourite>
		
<favourite name="Funnier Moments" thumb="special://home/addons\plugin.video.funniermoments\icon.png">ActivateWindow(10025,&quot;plugin://plugin.video.funniermoments/?image=C%3a%5cDocuments%20and%20Settings%5cSeanP%5cApplication%20Data%5cXBMC%5caddons%5cplugin.video.funniermoments%5cresources%5cartwork%5csearch.png&amp;mode=800&amp;page=1&amp;title=Search%20Moments&amp;keyword=[%SF%]&amp;sf_options=fanart%3Dhttp%3A%2F%2Fhivewallpaper.com%2Fwallpaper%2F2015%2F03%2Fhanna-barbera-cartoons-27-high-resolution-wallpaper.jpg%26_options_sf&quot;)</favourite>
	
<favourite name="Super Cartoons" thumb="special://home/addons\plugin.video.supercartoons\icon.png">ActivateWindow(10025,&quot;plugin://plugin.video.supercartoons/?image=C%3a%5cDocuments%20and%20Settings%5cSeanP%5cApplication%20Data%5cXBMC%5caddons%5cplugin.video.supercartoons%5cresources%5cartwork%5csearch.png&amp;mode=1100&amp;page=1&amp;title=Search&amp;keyword=[%SF%]&amp;sf_options=fanart%3Dspecial%3A%2F%2Fhome%2Faddons%5Cplugin.video.supercartoons%5Cfanart.jpg%26_options_sf&quot;)</favourite>
		
<favourite name="Google Images" thumb="special://home/addons\plugin.image.google\icon.png">	ActivateWindow(10025,&quot;plugin://plugin.image.google/?mode=103&amp;name=Search%20icon&amp;page=1&amp;url=q%3d[%SF+%]&quot;,return)</favourite>

<favourite name="Google Images (Wallpaper)" thumb="special://home/addons\plugin.image.google\icon.png">	ActivateWindow(10025,&quot;plugin://plugin.image.google/?mode=103&amp;page=1&amp;name=Search%20icon&amp;url=q%3d[%SF+%]%2bWallpaper&quot;,return)</favourite>

<favourite name="Meta Movies" thumb="special://home/addons\plugin.video.meta\resources\img\movies.png">ActivateWindow(10025,&quot;plugin://plugin.video.meta/movies/search_term/[%SF%]/1?sf_options=fanart%3Dspecial%3A%2F%2Fhome%2Faddons%5Cplugin.video.meta%5Cfanart.jpg%26_options_sf&quot;,return)</favourite>

<favourite name="Meta TV Shows" thumb="special://home/addons\plugin.video.meta\resources\img\tv.png">ActivateWindow(10025,&quot;plugin://plugin.video.meta/tv/search_term/[%SF%]/1?sf_options=fanart%3Dspecial%3A%2F%2Fhome%2Faddons%5Cplugin.video.meta%5Cfanart.jpg%26_options_sf&quot;,return)</favourite>
		

</favourites>