<?xml version="1.0" encoding="utf-8"?>
<window>    
    <allowoverlay>no</allowoverlay>
    <defaultcontrol1 always="false">5001</defaultcontrol1>
    <coordinates>
        <system>1</system>
        <posx>0</posx>
        <posy>0</posy>
    </coordinates>

    <controls>
        <control type="image" id="5000">
            <description>Background</description>
            <posx>0</posx>
            <posy>0</posy>
            <width>1280</width>
            <height>720</height>
            <fadetime>500</fadetime>
            <texture>background.jpg</texture>
        </control> 
   
        <control type="image" id="5001">
            <description>Cartoon Holder</description>
            <posx>0</posx>
            <posy>0</posy>
            <width>1280</width>
            <height>720</height>
            <aspectratio>keep</aspectratio>
            <fadetime>500</fadetime>
        </control> 
    </controls>

</window>
