<?xml version="1.0" encoding="UTF-8" standalone="yes"?>
<addon id="plugin.audio.booksshouldbefree" name="Books Should Be Free" version="1.0.4" provider-name="spoyser">
  <requires>
    <import addon="xbmc.python" version="2.1.0"/>
  </requires>
  <extension point="xbmc.python.pluginsource" library="default.py">
        <provides>audio</provides>
  </extension>
  <extension point="xbmc.addon.metadata">
    <summary>Books Should Be Free</summary>
    <description lang="en">Free public domain audiobooks</description>
     <platform>all</platform>
  </extension>
</addon>
