<?xml version="1.0" encoding="UTF-8" standalone="yes"?>
<addon id="plugin.audio.booksshouldbefree" name="Loyal Books" version="1.0.8" provider-name="spoyser">
  <requires>
    <import addon="xbmc.python" version="2.1.0"/>
  </requires>
  
  <extension point="xbmc.python.pluginsource" library="default.py">
        <provides>audio</provides>
  </extension>
  
  <extension point="xbmc.addon.metadata">
    <summary>Loyal Books (formerly Books Should Be Free)</summary>
    <description lang="en">Over 7000 free public domain audiobooks</description>
     <platform>all</platform>
     <language>en</language>
     <license>GNU GENERAL PUBLIC LICENSE. Version 2, June 1991</license>
     <forum>http://forum.kodi.tv/showthread.php?tid=242478</forum>
    <website>http://www.loyalbooks.com</website>
  </extension>
  
</addon>
