<?xml version="1.0" encoding="UTF-8"?>
<addon id="plugin.video.muzu.tv" version="0.2.19" name="muzu.tv" provider-name="spoyser">
    <requires>
        <import addon="xbmc.python" version="2.1.0"/>
    </requires>
    <extension point="xbmc.python.pluginsource" library="default.py">
        <provides>audio</provides>
    </extension>
    <extension point="xbmc.python.pluginsource" library="default.py">
        <provides>video</provides>
    </extension>
    <extension point="xbmc.addon.metadata">
        <summary>Plays music videos from muzu.tv</summary>
        <description>Choose from a huge selection of music videos available at muzu.tv</description>
        <platform>all</platform>
    </extension>
	<broken>Muzu.tv website no longer available</broken>
</addon>

