<favourites>
	<favourite name="Global Search" thumb="special://home\addons\script.globalsearch\icon.png">RunScript(&quot;script.globalsearch&quot;,searchstring:[%SF%])?sf_options=fanart%3Dspecial%3A%2F%2Fhome%2Faddons%5Cscript.globalsearch%5Cfanart.jpg%26_options_sf&quot;)</favourite>
	<favourite name="YouTube 4.x.x" thumb="special://home\addons\plugin.video.youtube\icon.png">ActivateWindow(10025,&quot;plugin://plugin.video.youtube/?feed=search&amp;path=%2froot%2fsearch&amp;search=[%SF%]&quot;)</favourite>
	<favourite name="YouTube 5.x.x" thumb="special://home\addons\plugin.video.youtube\icon.png">ActivateWindow(10025,&quot;plugin://plugin.video.youtube/kodion/search/query/?q=[%SF%]&amp;sf_options=fanart%3Dspecial%3A%2F%2Fhome%2Faddons%5Cplugin.video.youtube%5Cfanart.jpg%26_options_sf&quot;)</favourite>
	<favourite name="iPlayer" thumb="special://home\addons\plugin.video.bbciplayer\icon.png">ActivateWindow(10025,&quot;plugin://plugin.video.bbciplayer/?IPID&description&iconimage&mode=9&name=Search&url=[%SF%]&sf_options=fanart%3Dhttp%3A%2F%2Fultimategamingparadise.com%2Fwp-content%2Fuploads%2F2014%2F01%2Fbbc_iplayer.jpg%26desc%3DBBC+iPlayer+tv+and+live+tv%26_options_sf&quot;)</favourite>
	<favourite name="XBMCtorrent" thumb="special://home\addons\plugin.video.xbmctorrent\icon.png">ActivateWindow(10025,&quot;plugin://plugin.video.xbmctorrent/tpb/search?query=[%SF%]&amp;sf_options=fanart%3Dspecial%3A%2F%2Fhome%2Faddons%5Cplugin.video.xbmctorrent%5Cfanart.jpg%26_options_sf&quot;)</favourite>
	<favourite name="Funnier Moments" thumb="special://home/addons\plugin.video.funniermoments\resources\artwork\search.png">ActivateWindow(10025,&quot;plugin://plugin.video.funniermoments/?image=C%3a%5cDocuments%20and%20Settings%5cSeanP%5cApplication%20Data%5cXBMC%5caddons%5cplugin.video.funniermoments%5cresources%5cartwork%5csearch.png&amp;mode=800&amp;page=1&amp;title=Search%20Moments&amp;keyword=[%SF%]&quot;)</favourite>
	<favourite name="Super Cartoons" thumb="special://home/addons\plugin.video.supercartoons\resources\artwork\search.png">ActivateWindow(10025,&quot;plugin://plugin.video.supercartoons/?image=C%3a%5cDocuments%20and%20Settings%5cSeanP%5cApplication%20Data%5cXBMC%5caddons%5cplugin.video.supercartoons%5cresources%5cartwork%5csearch.png&amp;mode=1100&amp;page=1&amp;title=Search&amp;keyword=[%SF%]&quot;)</favourite>
    <favourite name="Google Images" thumb="special://home/addons\plugin.image.google\icon.png">	ActivateWindow(10025,&quot;plugin://plugin.image.google/?mode=103&amp;name=Search%20icon&amp;page=1&amp;url=q%3d[%SF+%]&quot;,return)</favourite>
	<favourite name="Google Images (Wallpaper)" thumb="special://home/addons\plugin.image.google\icon.png">	ActivateWindow(10025,&quot;plugin://plugin.image.google/?mode=103&amp;page=1&amp;name=Search%20icon&amp;url=q%3d[%SF+%]%2bWallpaper&quot;,return)</favourite>
    <favourite name="Pulsar TV Shows" thumb="special://home/addons/plugin.video.pulsar/icon.png">ActivateWindow(10025,&quot;plugin://plugin.video.pulsar/shows/search?q=[%SF%]&amp;sf_options=fanart%3Dspecial%3A%2F%2Fhome%2Faddons%5Cplugin.video.pulsar%5Cfanart.jpg%26_options_sf&quot;,return)</favourite>
	<favourite name="Pulsar Movies" thumb="special://home/addons/plugin.video.pulsar/icon.png">ActivateWindow(10025,&quot;plugin://plugin.video.pulsar/movies/search?q=[%SF%]&amp;sf_options=fanart%3Dspecial%3A%2F%2Fhome%2Faddons%5Cplugin.video.pulsar%5Cfanart.jpg%26_options_sf&quot;,return)</favourite>
</favourites>