<?xml version="1.0" encoding="UTF-8" standalone="yes"?>
<addon id="plugin.video.thegreat80s" name="The Great 80's" version="1.0.1" provider-name="spoyser">
  <requires>
    <import addon="xbmc.python" version="2.0"/>
    <import addon="plugin.video.youtube" version="4.4.4"/>
    <import addon="script.module.xbmc.ads" version="1.0.1"/>
  </requires>
  <extension point="xbmc.python.pluginsource" library="default.py">
        <provides>video</provides>
  </extension>
  <extension point="xbmc.addon.metadata">
    <summary>80s Music Videos</summary>
    <description lang="en">Classic music videos from the 1980's.</description>
     <platform>all</platform>
  </extension>
</addon>
