<?xml version="1.0" encoding="UTF-8" standalone="yes"?>
<addon id="plugin.video.kidstube" name="Kids-Tube.nl" version="1.0.1" provider-name="spoyser">
  <requires>
    <import addon="xbmc.python" version="2.1.0"/>
    <import addon="plugin.video.youtube" version="4.4.6"/>
  </requires>
  <extension point="xbmc.python.pluginsource" library="default.py">
        <provides>video</provides>
  </extension>
  <extension point="xbmc.addon.metadata">
    <summary>Watch your favourite kids programs (in Dutch)</summary>
    <description lang="en">Watch your favourite kids programs (in Dutch)</description>
     <platform>all</platform>
  </extension>
</addon>
